<?xml version="1.0" encoding="utf-8" ?><body>
<path>
<point>(0,0)</point>
<nodepath>(1, 1)(2, 2)(3, 3)(4, 4)(5, 4)(6, 4)(7, 4)(8, 4)(9, 4)</nodepath>
<homepath>(1, 1)(2, 2)(3, 3)(4, 4)(5, 5)(6, 6)(7, 7)(8, 8)(9, 9)(10, 9)(11, 9)(12, 9)(13, 9)(14, 9)(15, 9)(16, 9)(17, 9)(18, 9)(19, 9)</homepath>
</path>
<path>
<point>(0,1)</point>
<nodepath>(1, 2)(2, 3)(3, 4)(4, 4)(5, 4)(6, 4)(7, 4)(8, 4)(9, 4)</nodepath>
<homepath>(1, 2)(2, 3)(3, 4)(4, 5)(5, 6)(6, 7)(7, 8)(8, 9)(9, 9)(10, 9)(11, 9)(12, 9)(13, 9)(14, 9)(15, 9)(16, 9)(17, 9)(18, 9)(19, 9)</homepath>
</path>
<path>
<point>(0,2)</point>
<nodepath>(1, 3)(2, 4)(3, 4)(4, 4)(5, 4)(6, 4)(7, 4)(8, 4)(9, 4)</nodepath>
<homepath>(1, 3)(2, 4)(3, 5)(4, 6)(5, 7)(6, 8)(7, 9)(8, 9)(9, 9)(10, 9)(11, 9)(12, 9)(13, 9)(14, 9)(15, 9)(16, 9)(17, 9)(18, 9)(19, 9)</homepath>
</path>
<path>
<point>(0,3)</point>
<nodepath>(1, 4)(2, 4)(3, 4)(4, 4)(5, 4)(6, 4)(7, 4)(8, 4)(9, 4)</nodepath>
<homepath>(1, 4)(2, 5)(3, 6)(4, 7)(5, 8)(6, 9)(7, 9)(8, 9)(9, 9)(10, 9)(11, 9)(12, 9)(13, 9)(14, 9)(15, 9)(16, 9)(17, 9)(18, 9)(19, 9)</homepath>
</path>
<path>
<point>(0,4)</point>
<nodepath>(1, 4)(2, 4)(3, 4)(4, 4)(5, 4)(6, 4)(7, 4)(8, 4)(9, 4)</nodepath>
<homepath>(1, 5)(2, 6)(3, 7)(4, 8)(5, 9)(6, 9)(7, 9)(8, 9)(9, 9)(10, 9)(11, 9)(12, 9)(13, 9)(14, 9)(15, 9)(16, 9)(17, 9)(18, 9)(19, 9)</homepath>
</path>
<path>
<point>(0,5)</point>
<nodepath>(1, 4)(2, 4)(3, 4)(4, 4)(5, 4)(6, 4)(7, 4)(8, 4)(9, 4)</nodepath>
<homepath>(1, 6)(2, 7)(3, 8)(4, 9)(5, 9)(6, 9)(7, 9)(8, 9)(9, 9)(10, 9)(11, 9)(12, 9)(13, 9)(14, 9)(15, 9)(16, 9)(17, 9)(18, 9)(19, 9)</homepath>
</path>
<path>
<point>(0,6)</point>
<nodepath>(1, 5)(2, 4)(3, 4)(4, 4)(5, 4)(6, 4)(7, 4)(8, 4)(9, 4)</nodepath>
<homepath>(1, 7)(2, 8)(3, 9)(4, 9)(5, 9)(6, 9)(7, 9)(8, 9)(9, 9)(10, 9)(11, 9)(12, 9)(13, 9)(14, 9)(15, 9)(16, 9)(17, 9)(18, 9)(19, 9)</homepath>
</path>
<path>
<point>(0,7)</point>
<nodepath>(1, 6)(2, 5)(3, 4)(4, 4)(5, 4)(6, 4)(7, 4)(8, 4)(9, 4)</nodepath>
<homepath>(1, 8)(2, 9)(3, 9)(4, 9)(5, 9)(6, 9)(7, 9)(8, 9)(9, 9)(10, 9)(11, 9)(12, 9)(13, 9)(14, 9)(15, 9)(16, 9)(17, 9)(18, 9)(19, 9)</homepath>
</path>
<path>
<point>(0,8)</point>
<nodepath>(1, 7)(2, 6)(3, 5)(4, 4)(5, 4)(6, 4)(7, 4)(8, 4)(9, 4)</nodepath>
<homepath>(1, 9)(2, 9)(3, 9)(4, 9)(5, 9)(6, 9)(7, 9)(8, 9)(9, 9)(10, 9)(11, 9)(12, 9)(13, 9)(14, 9)(15, 9)(16, 9)(17, 9)(18, 9)(19, 9)</homepath>
</path>
<path>
<point>(0,9)</point>
<nodepath>(1, 8)(2, 7)(3, 6)(4, 5)(5, 4)(6, 4)(7, 4)(8, 4)(9, 4)</nodepath>
<homepath>(1, 9)(2, 9)(3, 9)(4, 9)(5, 9)(6, 9)(7, 9)(8, 9)(9, 9)(10, 9)(11, 9)(12, 9)(13, 9)(14, 9)(15, 9)(16, 9)(17, 9)(18, 9)(19, 9)</homepath>
</path>
<path>
<point>(1,0)</point>
<nodepath>(2, 1)(3, 2)(4, 3)(5, 4)(6, 4)(7, 4)(8, 4)(9, 4)</nodepath>
<homepath>(2, 1)(3, 2)(4, 3)(5, 4)(6, 5)(7, 6)(8, 7)(9, 8)(10, 9)(11, 9)(12, 9)(13, 9)(14, 9)(15, 9)(16, 9)(17, 9)(18, 9)(19, 9)</homepath>
</path>
<path>
<point>(1,1)</point>
<nodepath>(2, 2)(3, 3)(4, 4)(5, 4)(6, 4)(7, 4)(8, 4)(9, 4)</nodepath>
<homepath>(2, 2)(3, 3)(4, 4)(5, 5)(6, 6)(7, 7)(8, 8)(9, 9)(10, 9)(11, 9)(12, 9)(13, 9)(14, 9)(15, 9)(16, 9)(17, 9)(18, 9)(19, 9)</homepath>
</path>
<path>
<point>(1,2)</point>
<nodepath>(2, 3)(3, 4)(4, 4)(5, 4)(6, 4)(7, 4)(8, 4)(9, 4)</nodepath>
<homepath>(2, 3)(3, 4)(4, 5)(5, 6)(6, 7)(7, 8)(8, 9)(9, 9)(10, 9)(11, 9)(12, 9)(13, 9)(14, 9)(15, 9)(16, 9)(17, 9)(18, 9)(19, 9)</homepath>
</path>
<path>
<point>(1,3)</point>
<nodepath>(2, 4)(3, 4)(4, 4)(5, 4)(6, 4)(7, 4)(8, 4)(9, 4)</nodepath>
<homepath>(2, 4)(3, 5)(4, 6)(5, 7)(6, 8)(7, 9)(8, 9)(9, 9)(10, 9)(11, 9)(12, 9)(13, 9)(14, 9)(15, 9)(16, 9)(17, 9)(18, 9)(19, 9)</homepath>
</path>
<path>
<point>(1,4)</point>
<nodepath>(2, 4)(3, 4)(4, 4)(5, 4)(6, 4)(7, 4)(8, 4)(9, 4)</nodepath>
<homepath>(2, 5)(3, 6)(4, 7)(5, 8)(6, 9)(7, 9)(8, 9)(9, 9)(10, 9)(11, 9)(12, 9)(13, 9)(14, 9)(15, 9)(16, 9)(17, 9)(18, 9)(19, 9)</homepath>
</path>
<path>
<point>(1,5)</point>
<nodepath>(2, 4)(3, 4)(4, 4)(5, 4)(6, 4)(7, 4)(8, 4)(9, 4)</nodepath>
<homepath>(2, 6)(3, 7)(4, 8)(5, 9)(6, 9)(7, 9)(8, 9)(9, 9)(10, 9)(11, 9)(12, 9)(13, 9)(14, 9)(15, 9)(16, 9)(17, 9)(18, 9)(19, 9)</homepath>
</path>
<path>
<point>(1,6)</point>
<nodepath>(2, 5)(3, 4)(4, 4)(5, 4)(6, 4)(7, 4)(8, 4)(9, 4)</nodepath>
<homepath>(2, 7)(3, 8)(4, 9)(5, 9)(6, 9)(7, 9)(8, 9)(9, 9)(10, 9)(11, 9)(12, 9)(13, 9)(14, 9)(15, 9)(16, 9)(17, 9)(18, 9)(19, 9)</homepath>
</path>
<path>
<point>(1,7)</point>
<nodepath>(2, 6)(3, 5)(4, 4)(5, 4)(6, 4)(7, 4)(8, 4)(9, 4)</nodepath>
<homepath>(2, 8)(3, 9)(4, 9)(5, 9)(6, 9)(7, 9)(8, 9)(9, 9)(10, 9)(11, 9)(12, 9)(13, 9)(14, 9)(15, 9)(16, 9)(17, 9)(18, 9)(19, 9)</homepath>
</path>
<path>
<point>(1,8)</point>
<nodepath>(2, 7)(3, 6)(4, 5)(5, 4)(6, 4)(7, 4)(8, 4)(9, 4)</nodepath>
<homepath>(2, 9)(3, 9)(4, 9)(5, 9)(6, 9)(7, 9)(8, 9)(9, 9)(10, 9)(11, 9)(12, 9)(13, 9)(14, 9)(15, 9)(16, 9)(17, 9)(18, 9)(19, 9)</homepath>
</path>
<path>
<point>(1,9)</point>
<nodepath>(2, 8)(3, 7)(4, 6)(5, 5)(6, 4)(7, 4)(8, 4)(9, 4)</nodepath>
<homepath>(2, 9)(3, 9)(4, 9)(5, 9)(6, 9)(7, 9)(8, 9)(9, 9)(10, 9)(11, 9)(12, 9)(13, 9)(14, 9)(15, 9)(16, 9)(17, 9)(18, 9)(19, 9)</homepath>
</path>
<path>
<point>(2,0)</point>
<nodepath>(3, 1)(4, 2)(5, 3)(6, 4)(7, 4)(8, 4)(9, 4)</nodepath>
<homepath>(3, 1)(4, 2)(5, 3)(6, 4)(7, 5)(8, 6)(9, 7)(10, 8)(11, 9)(12, 9)(13, 9)(14, 9)(15, 9)(16, 9)(17, 9)(18, 9)(19, 9)</homepath>
</path>
<path>
<point>(2,1)</point>
<nodepath>(3, 2)(4, 3)(5, 4)(6, 4)(7, 4)(8, 4)(9, 4)</nodepath>
<homepath>(3, 2)(4, 3)(5, 4)(6, 5)(7, 6)(8, 7)(9, 8)(10, 9)(11, 9)(12, 9)(13, 9)(14, 9)(15, 9)(16, 9)(17, 9)(18, 9)(19, 9)</homepath>
</path>
<path>
<point>(2,2)</point>
<nodepath>(3, 3)(4, 4)(5, 4)(6, 4)(7, 4)(8, 4)(9, 4)</nodepath>
<homepath>(3, 3)(4, 4)(5, 5)(6, 6)(7, 7)(8, 8)(9, 9)(10, 9)(11, 9)(12, 9)(13, 9)(14, 9)(15, 9)(16, 9)(17, 9)(18, 9)(19, 9)</homepath>
</path>
<path>
<point>(2,3)</point>
<nodepath>(3, 4)(4, 4)(5, 4)(6, 4)(7, 4)(8, 4)(9, 4)</nodepath>
<homepath>(3, 4)(4, 5)(5, 6)(6, 7)(7, 8)(8, 9)(9, 9)(10, 9)(11, 9)(12, 9)(13, 9)(14, 9)(15, 9)(16, 9)(17, 9)(18, 9)(19, 9)</homepath>
</path>
<path>
<point>(2,4)</point>
<nodepath>(3, 4)(4, 4)(5, 4)(6, 4)(7, 4)(8, 4)(9, 4)</nodepath>
<homepath>(3, 5)(4, 6)(5, 7)(6, 8)(7, 9)(8, 9)(9, 9)(10, 9)(11, 9)(12, 9)(13, 9)(14, 9)(15, 9)(16, 9)(17, 9)(18, 9)(19, 9)</homepath>
</path>
<path>
<point>(2,5)</point>
<nodepath>(3, 4)(4, 4)(5, 4)(6, 4)(7, 4)(8, 4)(9, 4)</nodepath>
<homepath>(3, 6)(4, 7)(5, 8)(6, 9)(7, 9)(8, 9)(9, 9)(10, 9)(11, 9)(12, 9)(13, 9)(14, 9)(15, 9)(16, 9)(17, 9)(18, 9)(19, 9)</homepath>
</path>
<path>
<point>(2,6)</point>
<nodepath>(3, 5)(4, 4)(5, 4)(6, 4)(7, 4)(8, 4)(9, 4)</nodepath>
<homepath>(3, 7)(4, 8)(5, 9)(6, 9)(7, 9)(8, 9)(9, 9)(10, 9)(11, 9)(12, 9)(13, 9)(14, 9)(15, 9)(16, 9)(17, 9)(18, 9)(19, 9)</homepath>
</path>
<path>
<point>(2,7)</point>
<nodepath>(3, 6)(4, 5)(5, 4)(6, 4)(7, 4)(8, 4)(9, 4)</nodepath>
<homepath>(3, 8)(4, 9)(5, 9)(6, 9)(7, 9)(8, 9)(9, 9)(10, 9)(11, 9)(12, 9)(13, 9)(14, 9)(15, 9)(16, 9)(17, 9)(18, 9)(19, 9)</homepath>
</path>
<path>
<point>(2,8)</point>
<nodepath>(3, 7)(4, 6)(5, 5)(6, 4)(7, 4)(8, 4)(9, 4)</nodepath>
<homepath>(3, 9)(4, 9)(5, 9)(6, 9)(7, 9)(8, 9)(9, 9)(10, 9)(11, 9)(12, 9)(13, 9)(14, 9)(15, 9)(16, 9)(17, 9)(18, 9)(19, 9)</homepath>
</path>
<path>
<point>(2,9)</point>
<nodepath>(3, 8)(4, 7)(5, 6)(6, 5)(7, 4)(8, 4)(9, 4)</nodepath>
<homepath>(3, 9)(4, 9)(5, 9)(6, 9)(7, 9)(8, 9)(9, 9)(10, 9)(11, 9)(12, 9)(13, 9)(14, 9)(15, 9)(16, 9)(17, 9)(18, 9)(19, 9)</homepath>
</path>
<path>
<point>(3,0)</point>
<nodepath>(4, 1)(5, 2)(6, 3)(7, 4)(8, 4)(9, 4)</nodepath>
<homepath>(4, 1)(5, 2)(6, 3)(7, 4)(8, 5)(9, 6)(10, 7)(11, 8)(12, 9)(13, 9)(14, 9)(15, 9)(16, 9)(17, 9)(18, 9)(19, 9)</homepath>
</path>
<path>
<point>(3,1)</point>
<nodepath>(4, 2)(5, 3)(6, 4)(7, 4)(8, 4)(9, 4)</nodepath>
<homepath>(4, 2)(5, 3)(6, 4)(7, 5)(8, 6)(9, 7)(10, 8)(11, 9)(12, 9)(13, 9)(14, 9)(15, 9)(16, 9)(17, 9)(18, 9)(19, 9)</homepath>
</path>
<path>
<point>(3,2)</point>
<nodepath>(4, 3)(5, 4)(6, 4)(7, 4)(8, 4)(9, 4)</nodepath>
<homepath>(4, 3)(5, 4)(6, 5)(7, 6)(8, 7)(9, 8)(10, 9)(11, 9)(12, 9)(13, 9)(14, 9)(15, 9)(16, 9)(17, 9)(18, 9)(19, 9)</homepath>
</path>
<path>
<point>(3,3)</point>
<nodepath>(4, 4)(5, 4)(6, 4)(7, 4)(8, 4)(9, 4)</nodepath>
<homepath>(4, 4)(5, 5)(6, 6)(7, 7)(8, 8)(9, 9)(10, 9)(11, 9)(12, 9)(13, 9)(14, 9)(15, 9)(16, 9)(17, 9)(18, 9)(19, 9)</homepath>
</path>
<path>
<point>(3,4)</point>
<nodepath>(4, 4)(5, 4)(6, 4)(7, 4)(8, 4)(9, 4)</nodepath>
<homepath>(4, 5)(5, 6)(6, 7)(7, 8)(8, 9)(9, 9)(10, 9)(11, 9)(12, 9)(13, 9)(14, 9)(15, 9)(16, 9)(17, 9)(18, 9)(19, 9)</homepath>
</path>
<path>
<point>(3,5)</point>
<nodepath>(4, 4)(5, 4)(6, 4)(7, 4)(8, 4)(9, 4)</nodepath>
<homepath>(4, 6)(5, 7)(6, 8)(7, 9)(8, 9)(9, 9)(10, 9)(11, 9)(12, 9)(13, 9)(14, 9)(15, 9)(16, 9)(17, 9)(18, 9)(19, 9)</homepath>
</path>
<path>
<point>(3,6)</point>
<nodepath>(4, 5)(5, 4)(6, 4)(7, 4)(8, 4)(9, 4)</nodepath>
<homepath>(4, 7)(5, 8)(6, 9)(7, 9)(8, 9)(9, 9)(10, 9)(11, 9)(12, 9)(13, 9)(14, 9)(15, 9)(16, 9)(17, 9)(18, 9)(19, 9)</homepath>
</path>
<path>
<point>(3,7)</point>
<nodepath>(4, 6)(5, 5)(6, 4)(7, 4)(8, 4)(9, 4)</nodepath>
<homepath>(4, 8)(5, 9)(6, 9)(7, 9)(8, 9)(9, 9)(10, 9)(11, 9)(12, 9)(13, 9)(14, 9)(15, 9)(16, 9)(17, 9)(18, 9)(19, 9)</homepath>
</path>
<path>
<point>(3,8)</point>
<nodepath>(4, 7)(5, 6)(6, 5)(7, 4)(8, 4)(9, 4)</nodepath>
<homepath>(4, 9)(5, 9)(6, 9)(7, 9)(8, 9)(9, 9)(10, 9)(11, 9)(12, 9)(13, 9)(14, 9)(15, 9)(16, 9)(17, 9)(18, 9)(19, 9)</homepath>
</path>
<path>
<point>(3,9)</point>
<nodepath>(4, 8)(5, 7)(6, 6)(7, 5)(8, 4)(9, 4)</nodepath>
<homepath>(4, 9)(5, 9)(6, 9)(7, 9)(8, 9)(9, 9)(10, 9)(11, 9)(12, 9)(13, 9)(14, 9)(15, 9)(16, 9)(17, 9)(18, 9)(19, 9)</homepath>
</path>
<path>
<point>(4,0)</point>
<nodepath>(5, 1)(6, 2)(7, 3)(8, 4)(9, 4)</nodepath>
<homepath>(5, 1)(6, 2)(7, 3)(8, 4)(9, 5)(10, 6)(11, 7)(12, 8)(13, 9)(14, 9)(15, 9)(16, 9)(17, 9)(18, 9)(19, 9)</homepath>
</path>
<path>
<point>(4,1)</point>
<nodepath>(5, 2)(6, 3)(7, 4)(8, 4)(9, 4)</nodepath>
<homepath>(5, 2)(6, 3)(7, 4)(8, 5)(9, 6)(10, 7)(11, 8)(12, 9)(13, 9)(14, 9)(15, 9)(16, 9)(17, 9)(18, 9)(19, 9)</homepath>
</path>
<path>
<point>(4,2)</point>
<nodepath>(5, 3)(6, 4)(7, 4)(8, 4)(9, 4)</nodepath>
<homepath>(5, 3)(6, 4)(7, 5)(8, 6)(9, 7)(10, 8)(11, 9)(12, 9)(13, 9)(14, 9)(15, 9)(16, 9)(17, 9)(18, 9)(19, 9)</homepath>
</path>
<path>
<point>(4,3)</point>
<nodepath>(5, 4)(6, 4)(7, 4)(8, 4)(9, 4)</nodepath>
<homepath>(5, 4)(6, 5)(7, 6)(8, 7)(9, 8)(10, 9)(11, 9)(12, 9)(13, 9)(14, 9)(15, 9)(16, 9)(17, 9)(18, 9)(19, 9)</homepath>
</path>
<path>
<point>(4,4)</point>
<nodepath>(5, 4)(6, 4)(7, 4)(8, 4)(9, 4)</nodepath>
<homepath>(5, 5)(6, 6)(7, 7)(8, 8)(9, 9)(10, 9)(11, 9)(12, 9)(13, 9)(14, 9)(15, 9)(16, 9)(17, 9)(18, 9)(19, 9)</homepath>
</path>
<path>
<point>(4,5)</point>
<nodepath>(5, 4)(6, 4)(7, 4)(8, 4)(9, 4)</nodepath>
<homepath>(5, 6)(6, 7)(7, 8)(8, 9)(9, 9)(10, 9)(11, 9)(12, 9)(13, 9)(14, 9)(15, 9)(16, 9)(17, 9)(18, 9)(19, 9)</homepath>
</path>
<path>
<point>(4,6)</point>
<nodepath>(5, 5)(6, 4)(7, 4)(8, 4)(9, 4)</nodepath>
<homepath>(5, 7)(6, 8)(7, 9)(8, 9)(9, 9)(10, 9)(11, 9)(12, 9)(13, 9)(14, 9)(15, 9)(16, 9)(17, 9)(18, 9)(19, 9)</homepath>
</path>
<path>
<point>(4,7)</point>
<nodepath>(5, 6)(6, 5)(7, 4)(8, 4)(9, 4)</nodepath>
<homepath>(5, 8)(6, 9)(7, 9)(8, 9)(9, 9)(10, 9)(11, 9)(12, 9)(13, 9)(14, 9)(15, 9)(16, 9)(17, 9)(18, 9)(19, 9)</homepath>
</path>
<path>
<point>(4,8)</point>
<nodepath>(5, 7)(6, 6)(7, 5)(8, 4)(9, 4)</nodepath>
<homepath>(5, 9)(6, 9)(7, 9)(8, 9)(9, 9)(10, 9)(11, 9)(12, 9)(13, 9)(14, 9)(15, 9)(16, 9)(17, 9)(18, 9)(19, 9)</homepath>
</path>
<path>
<point>(4,9)</point>
<nodepath>(5, 8)(6, 7)(7, 6)(8, 5)(9, 4)</nodepath>
<homepath>(5, 9)(6, 9)(7, 9)(8, 9)(9, 9)(10, 9)(11, 9)(12, 9)(13, 9)(14, 9)(15, 9)(16, 9)(17, 9)(18, 9)(19, 9)</homepath>
</path>
<path>
<point>(5,0)</point>
<nodepath>(6, 1)(7, 2)(8, 3)(9, 4)</nodepath>
<homepath>(6, 1)(7, 2)(8, 3)(9, 4)(10, 5)(11, 6)(12, 7)(13, 8)(14, 9)(15, 9)(16, 9)(17, 9)(18, 9)(19, 9)</homepath>
</path>
<path>
<point>(5,1)</point>
<nodepath>(6, 2)(7, 3)(8, 4)(9, 4)</nodepath>
<homepath>(6, 2)(7, 3)(8, 4)(9, 5)(10, 6)(11, 7)(12, 8)(13, 9)(14, 9)(15, 9)(16, 9)(17, 9)(18, 9)(19, 9)</homepath>
</path>
<path>
<point>(5,2)</point>
<nodepath>(6, 3)(7, 4)(8, 4)(9, 4)</nodepath>
<homepath>(6, 3)(7, 4)(8, 5)(9, 6)(10, 7)(11, 8)(12, 9)(13, 9)(14, 9)(15, 9)(16, 9)(17, 9)(18, 9)(19, 9)</homepath>
</path>
<path>
<point>(5,3)</point>
<nodepath>(6, 4)(7, 4)(8, 4)(9, 4)</nodepath>
<homepath>(6, 4)(7, 5)(8, 6)(9, 7)(10, 8)(11, 9)(12, 9)(13, 9)(14, 9)(15, 9)(16, 9)(17, 9)(18, 9)(19, 9)</homepath>
</path>
<path>
<point>(5,4)</point>
<nodepath>(6, 4)(7, 4)(8, 4)(9, 4)</nodepath>
<homepath>(6, 5)(7, 6)(8, 7)(9, 8)(10, 9)(11, 9)(12, 9)(13, 9)(14, 9)(15, 9)(16, 9)(17, 9)(18, 9)(19, 9)</homepath>
</path>
<path>
<point>(5,5)</point>
<nodepath>(6, 4)(7, 4)(8, 4)(9, 4)</nodepath>
<homepath>(6, 6)(7, 7)(8, 8)(9, 9)(10, 9)(11, 9)(12, 9)(13, 9)(14, 9)(15, 9)(16, 9)(17, 9)(18, 9)(19, 9)</homepath>
</path>
<path>
<point>(5,6)</point>
<nodepath>(6, 5)(7, 4)(8, 4)(9, 4)</nodepath>
<homepath>(6, 7)(7, 8)(8, 9)(9, 9)(10, 9)(11, 9)(12, 9)(13, 9)(14, 9)(15, 9)(16, 9)(17, 9)(18, 9)(19, 9)</homepath>
</path>
<path>
<point>(5,7)</point>
<nodepath>(6, 6)(7, 5)(8, 4)(9, 4)</nodepath>
<homepath>(6, 8)(7, 9)(8, 9)(9, 9)(10, 9)(11, 9)(12, 9)(13, 9)(14, 9)(15, 9)(16, 9)(17, 9)(18, 9)(19, 9)</homepath>
</path>
<path>
<point>(5,8)</point>
<nodepath>(6, 7)(7, 6)(8, 5)(9, 4)</nodepath>
<homepath>(6, 9)(7, 9)(8, 9)(9, 9)(10, 9)(11, 9)(12, 9)(13, 9)(14, 9)(15, 9)(16, 9)(17, 9)(18, 9)(19, 9)</homepath>
</path>
<path>
<point>(5,9)</point>
<nodepath>(6, 8)(7, 7)(8, 6)(9, 5)(9, 4)</nodepath>
<homepath>(6, 9)(7, 9)(8, 9)(9, 9)(10, 9)(11, 9)(12, 9)(13, 9)(14, 9)(15, 9)(16, 9)(17, 9)(18, 9)(19, 9)</homepath>
</path>
<path>
<point>(6,0)</point>
<nodepath>(7, 1)(8, 2)(9, 3)(9, 4)</nodepath>
<homepath>(7, 1)(8, 2)(9, 3)(10, 4)(11, 5)(12, 6)(13, 7)(14, 8)(15, 9)(16, 9)(17, 9)(18, 9)(19, 9)</homepath>
</path>
<path>
<point>(6,1)</point>
<nodepath>(7, 2)(8, 3)(9, 4)</nodepath>
<homepath>(7, 2)(8, 3)(9, 4)(10, 5)(11, 6)(12, 7)(13, 8)(14, 9)(15, 9)(16, 9)(17, 9)(18, 9)(19, 9)</homepath>
</path>
<path>
<point>(6,2)</point>
<nodepath>(7, 3)(8, 4)(9, 4)</nodepath>
<homepath>(7, 3)(8, 4)(9, 5)(10, 6)(11, 7)(12, 8)(13, 9)(14, 9)(15, 9)(16, 9)(17, 9)(18, 9)(19, 9)</homepath>
</path>
<path>
<point>(6,3)</point>
<nodepath>(7, 4)(8, 4)(9, 4)</nodepath>
<homepath>(7, 4)(8, 5)(9, 6)(10, 7)(11, 8)(12, 9)(13, 9)(14, 9)(15, 9)(16, 9)(17, 9)(18, 9)(19, 9)</homepath>
</path>
<path>
<point>(6,4)</point>
<nodepath>(7, 4)(8, 4)(9, 4)</nodepath>
<homepath>(7, 5)(8, 6)(9, 7)(10, 8)(11, 9)(12, 9)(13, 9)(14, 9)(15, 9)(16, 9)(17, 9)(18, 9)(19, 9)</homepath>
</path>
<path>
<point>(6,5)</point>
<nodepath>(7, 4)(8, 4)(9, 4)</nodepath>
<homepath>(7, 6)(8, 7)(9, 8)(10, 9)(11, 9)(12, 9)(13, 9)(14, 9)(15, 9)(16, 9)(17, 9)(18, 9)(19, 9)</homepath>
</path>
<path>
<point>(6,6)</point>
<nodepath>(7, 5)(8, 4)(9, 4)</nodepath>
<homepath>(7, 7)(8, 8)(9, 9)(10, 9)(11, 9)(12, 9)(13, 9)(14, 9)(15, 9)(16, 9)(17, 9)(18, 9)(19, 9)</homepath>
</path>
<path>
<point>(6,7)</point>
<nodepath>(7, 6)(8, 5)(9, 4)</nodepath>
<homepath>(7, 8)(8, 9)(9, 9)(10, 9)(11, 9)(12, 9)(13, 9)(14, 9)(15, 9)(16, 9)(17, 9)(18, 9)(19, 9)</homepath>
</path>
<path>
<point>(6,8)</point>
<nodepath>(7, 7)(8, 6)(9, 5)(9, 4)</nodepath>
<homepath>(7, 9)(8, 9)(9, 9)(10, 9)(11, 9)(12, 9)(13, 9)(14, 9)(15, 9)(16, 9)(17, 9)(18, 9)(19, 9)</homepath>
</path>
<path>
<point>(6,9)</point>
<nodepath>(7, 8)(8, 7)(9, 6)(9, 5)(9, 4)</nodepath>
<homepath>(7, 9)(8, 9)(9, 9)(10, 9)(11, 9)(12, 9)(13, 9)(14, 9)(15, 9)(16, 9)(17, 9)(18, 9)(19, 9)</homepath>
</path>
<path>
<point>(7,0)</point>
<nodepath>(8, 1)(9, 2)(9, 3)(9, 4)</nodepath>
<homepath>(8, 1)(9, 2)(10, 3)(11, 4)(12, 5)(13, 6)(14, 7)(15, 8)(16, 9)(17, 9)(18, 9)(19, 9)</homepath>
</path>
<path>
<point>(7,1)</point>
<nodepath>(8, 2)(9, 3)(9, 4)</nodepath>
<homepath>(8, 2)(9, 3)(10, 4)(11, 5)(12, 6)(13, 7)(14, 8)(15, 9)(16, 9)(17, 9)(18, 9)(19, 9)</homepath>
</path>
<path>
<point>(7,2)</point>
<nodepath>(8, 3)(9, 4)</nodepath>
<homepath>(8, 3)(9, 4)(10, 5)(11, 6)(12, 7)(13, 8)(14, 9)(15, 9)(16, 9)(17, 9)(18, 9)(19, 9)</homepath>
</path>
<path>
<point>(7,3)</point>
<nodepath>(8, 4)(9, 4)</nodepath>
<homepath>(8, 4)(9, 5)(10, 6)(11, 7)(12, 8)(13, 9)(14, 9)(15, 9)(16, 9)(17, 9)(18, 9)(19, 9)</homepath>
</path>
<path>
<point>(7,4)</point>
<nodepath>(8, 4)(9, 4)</nodepath>
<homepath>(8, 5)(9, 6)(10, 7)(11, 8)(12, 9)(13, 9)(14, 9)(15, 9)(16, 9)(17, 9)(18, 9)(19, 9)</homepath>
</path>
<path>
<point>(7,5)</point>
<nodepath>(8, 4)(9, 4)</nodepath>
<homepath>(8, 6)(9, 7)(10, 8)(11, 9)(12, 9)(13, 9)(14, 9)(15, 9)(16, 9)(17, 9)(18, 9)(19, 9)</homepath>
</path>
<path>
<point>(7,6)</point>
<nodepath>(8, 5)(9, 4)</nodepath>
<homepath>(8, 7)(9, 8)(10, 9)(11, 9)(12, 9)(13, 9)(14, 9)(15, 9)(16, 9)(17, 9)(18, 9)(19, 9)</homepath>
</path>
<path>
<point>(7,7)</point>
<nodepath>(8, 6)(9, 5)(9, 4)</nodepath>
<homepath>(8, 8)(9, 9)(10, 9)(11, 9)(12, 9)(13, 9)(14, 9)(15, 9)(16, 9)(17, 9)(18, 9)(19, 9)</homepath>
</path>
<path>
<point>(7,8)</point>
<nodepath>(8, 7)(9, 6)(9, 5)(9, 4)</nodepath>
<homepath>(8, 9)(9, 9)(10, 9)(11, 9)(12, 9)(13, 9)(14, 9)(15, 9)(16, 9)(17, 9)(18, 9)(19, 9)</homepath>
</path>
<path>
<point>(7,9)</point>
<nodepath>(8, 8)(9, 7)(9, 6)(9, 5)(9, 4)</nodepath>
<homepath>(8, 9)(9, 9)(10, 9)(11, 9)(12, 9)(13, 9)(14, 9)(15, 9)(16, 9)(17, 9)(18, 9)(19, 9)</homepath>
</path>
<path>
<point>(8,0)</point>
<nodepath>(9, 1)(9, 2)(9, 3)(9, 4)</nodepath>
<homepath>(9, 1)(10, 2)(11, 3)(12, 4)(13, 5)(14, 6)(15, 7)(16, 8)(17, 9)(18, 9)(19, 9)</homepath>
</path>
<path>
<point>(8,1)</point>
<nodepath>(9, 2)(9, 3)(9, 4)</nodepath>
<homepath>(9, 2)(10, 3)(11, 4)(12, 5)(13, 6)(14, 7)(15, 8)(16, 9)(17, 9)(18, 9)(19, 9)</homepath>
</path>
<path>
<point>(8,2)</point>
<nodepath>(9, 3)(9, 4)</nodepath>
<homepath>(9, 3)(10, 4)(11, 5)(12, 6)(13, 7)(14, 8)(15, 9)(16, 9)(17, 9)(18, 9)(19, 9)</homepath>
</path>
<path>
<point>(8,3)</point>
<nodepath>(9, 4)</nodepath>
<homepath>(9, 4)(10, 5)(11, 6)(12, 7)(13, 8)(14, 9)(15, 9)(16, 9)(17, 9)(18, 9)(19, 9)</homepath>
</path>
<path>
<point>(8,4)</point>
<nodepath>(9, 4)</nodepath>
<homepath>(9, 5)(10, 6)(11, 7)(12, 8)(13, 9)(14, 9)(15, 9)(16, 9)(17, 9)(18, 9)(19, 9)</homepath>
</path>
<path>
<point>(8,5)</point>
<nodepath>(9, 4)</nodepath>
<homepath>(9, 6)(10, 7)(11, 8)(12, 9)(13, 9)(14, 9)(15, 9)(16, 9)(17, 9)(18, 9)(19, 9)</homepath>
</path>
<path>
<point>(8,6)</point>
<nodepath>(9, 5)(9, 4)</nodepath>
<homepath>(9, 7)(10, 8)(11, 9)(12, 9)(13, 9)(14, 9)(15, 9)(16, 9)(17, 9)(18, 9)(19, 9)</homepath>
</path>
<path>
<point>(8,7)</point>
<nodepath>(9, 6)(9, 5)(9, 4)</nodepath>
<homepath>(9, 8)(10, 9)(11, 9)(12, 9)(13, 9)(14, 9)(15, 9)(16, 9)(17, 9)(18, 9)(19, 9)</homepath>
</path>
<path>
<point>(8,8)</point>
<nodepath>(9, 7)(9, 6)(9, 5)(9, 4)</nodepath>
<homepath>(9, 9)(10, 9)(11, 9)(12, 9)(13, 9)(14, 9)(15, 9)(16, 9)(17, 9)(18, 9)(19, 9)</homepath>
</path>
<path>
<point>(8,9)</point>
<nodepath>(9, 8)(9, 7)(9, 6)(9, 5)(9, 4)</nodepath>
<homepath>(9, 9)(10, 9)(11, 9)(12, 9)(13, 9)(14, 9)(15, 9)(16, 9)(17, 9)(18, 9)(19, 9)</homepath>
</path>
<path>
<point>(9,0)</point>
<nodepath>(9, 1)(9, 2)(9, 3)(9, 4)</nodepath>
<homepath>(10, 1)(11, 2)(12, 3)(13, 4)(14, 5)(15, 6)(16, 7)(17, 8)(18, 9)(19, 9)</homepath>
</path>
<path>
<point>(9,1)</point>
<nodepath>(9, 2)(9, 3)(9, 4)</nodepath>
<homepath>(10, 2)(11, 3)(12, 4)(13, 5)(14, 6)(15, 7)(16, 8)(17, 9)(18, 9)(19, 9)</homepath>
</path>
<path>
<point>(9,2)</point>
<nodepath>(9, 3)(9, 4)</nodepath>
<homepath>(10, 3)(11, 4)(12, 5)(13, 6)(14, 7)(15, 8)(16, 9)(17, 9)(18, 9)(19, 9)</homepath>
</path>
<path>
<point>(9,3)</point>
<nodepath>(9, 4)</nodepath>
<homepath>(10, 4)(11, 5)(12, 6)(13, 7)(14, 8)(15, 9)(16, 9)(17, 9)(18, 9)(19, 9)</homepath>
</path>
<path>
<point>(9,4)</point>
<nodepath></nodepath>
<homepath>(10, 5)(11, 6)(12, 7)(13, 8)(14, 9)(15, 9)(16, 9)(17, 9)(18, 9)(19, 9)</homepath>
</path>
<path>
<point>(9,5)</point>
<nodepath>(9, 4)</nodepath>
<homepath>(10, 6)(11, 7)(12, 8)(13, 9)(14, 9)(15, 9)(16, 9)(17, 9)(18, 9)(19, 9)</homepath>
</path>
<path>
<point>(9,6)</point>
<nodepath>(9, 5)(9, 4)</nodepath>
<homepath>(10, 7)(11, 8)(12, 9)(13, 9)(14, 9)(15, 9)(16, 9)(17, 9)(18, 9)(19, 9)</homepath>
</path>
<path>
<point>(9,7)</point>
<nodepath>(9, 6)(9, 5)(9, 4)</nodepath>
<homepath>(10, 8)(11, 9)(12, 9)(13, 9)(14, 9)(15, 9)(16, 9)(17, 9)(18, 9)(19, 9)</homepath>
</path>
<path>
<point>(9,8)</point>
<nodepath>(9, 7)(9, 6)(9, 5)(9, 4)</nodepath>
<homepath>(10, 9)(11, 9)(12, 9)(13, 9)(14, 9)(15, 9)(16, 9)(17, 9)(18, 9)(19, 9)</homepath>
</path>
<path>
<point>(9,9)</point>
<nodepath>(9, 8)(9, 7)(9, 6)(9, 5)(9, 4)</nodepath>
<homepath>(10, 9)(11, 9)(12, 9)(13, 9)(14, 9)(15, 9)(16, 9)(17, 9)(18, 9)(19, 9)</homepath>
</path>
<path>
<point>(10,0)</point>
<nodepath>(9, 1)(9, 2)(9, 3)(9, 4)</nodepath>
<homepath>(11, 1)(12, 2)(13, 3)(14, 4)(15, 5)(16, 6)(17, 7)(18, 8)(19, 9)</homepath>
</path>
<path>
<point>(10,1)</point>
<nodepath>(9, 2)(9, 3)(9, 4)</nodepath>
<homepath>(11, 2)(12, 3)(13, 4)(14, 5)(15, 6)(16, 7)(17, 8)(18, 9)(19, 9)</homepath>
</path>
<path>
<point>(10,2)</point>
<nodepath>(9, 3)(9, 4)</nodepath>
<homepath>(11, 3)(12, 4)(13, 5)(14, 6)(15, 7)(16, 8)(17, 9)(18, 9)(19, 9)</homepath>
</path>
<path>
<point>(10,3)</point>
<nodepath>(9, 4)</nodepath>
<homepath>(11, 4)(12, 5)(13, 6)(14, 7)(15, 8)(16, 9)(17, 9)(18, 9)(19, 9)</homepath>
</path>
<path>
<point>(10,4)</point>
<nodepath>(9, 4)</nodepath>
<homepath>(11, 5)(12, 6)(13, 7)(14, 8)(15, 9)(16, 9)(17, 9)(18, 9)(19, 9)</homepath>
</path>
<path>
<point>(10,5)</point>
<nodepath>(9, 4)</nodepath>
<homepath>(11, 6)(12, 7)(13, 8)(14, 9)(15, 9)(16, 9)(17, 9)(18, 9)(19, 9)</homepath>
</path>
<path>
<point>(10,6)</point>
<nodepath>(9, 5)(9, 4)</nodepath>
<homepath>(11, 7)(12, 8)(13, 9)(14, 9)(15, 9)(16, 9)(17, 9)(18, 9)(19, 9)</homepath>
</path>
<path>
<point>(10,7)</point>
<nodepath>(9, 6)(9, 5)(9, 4)</nodepath>
<homepath>(11, 8)(12, 9)(13, 9)(14, 9)(15, 9)(16, 9)(17, 9)(18, 9)(19, 9)</homepath>
</path>
<path>
<point>(10,8)</point>
<nodepath>(9, 7)(9, 6)(9, 5)(9, 4)</nodepath>
<homepath>(11, 9)(12, 9)(13, 9)(14, 9)(15, 9)(16, 9)(17, 9)(18, 9)(19, 9)</homepath>
</path>
<path>
<point>(10,9)</point>
<nodepath>(9, 8)(9, 7)(9, 6)(9, 5)(9, 4)</nodepath>
<homepath>(11, 9)(12, 9)(13, 9)(14, 9)(15, 9)(16, 9)(17, 9)(18, 9)(19, 9)</homepath>
</path>
<path>
<point>(11,0)</point>
<nodepath>(10, 1)(9, 2)(9, 3)(9, 4)</nodepath>
<homepath>(12, 1)(13, 2)(14, 3)(15, 4)(16, 5)(17, 6)(18, 7)(19, 8)(19, 9)</homepath>
</path>
<path>
<point>(11,1)</point>
<nodepath>(10, 2)(9, 3)(9, 4)</nodepath>
<homepath>(12, 2)(13, 3)(14, 4)(15, 5)(16, 6)(17, 7)(18, 8)(19, 9)</homepath>
</path>
<path>
<point>(11,2)</point>
<nodepath>(10, 3)(9, 4)</nodepath>
<homepath>(12, 3)(13, 4)(14, 5)(15, 6)(16, 7)(17, 8)(18, 9)(19, 9)</homepath>
</path>
<path>
<point>(11,3)</point>
<nodepath>(10, 4)(9, 4)</nodepath>
<homepath>(12, 4)(13, 5)(14, 6)(15, 7)(16, 8)(17, 9)(18, 9)(19, 9)</homepath>
</path>
<path>
<point>(11,4)</point>
<nodepath>(10, 4)(9, 4)</nodepath>
<homepath>(12, 5)(13, 6)(14, 7)(15, 8)(16, 9)(17, 9)(18, 9)(19, 9)</homepath>
</path>
<path>
<point>(11,5)</point>
<nodepath>(10, 4)(9, 4)</nodepath>
<homepath>(12, 6)(13, 7)(14, 8)(15, 9)(16, 9)(17, 9)(18, 9)(19, 9)</homepath>
</path>
<path>
<point>(11,6)</point>
<nodepath>(10, 5)(9, 4)</nodepath>
<homepath>(12, 7)(13, 8)(14, 9)(15, 9)(16, 9)(17, 9)(18, 9)(19, 9)</homepath>
</path>
<path>
<point>(11,7)</point>
<nodepath>(10, 6)(9, 5)(9, 4)</nodepath>
<homepath>(12, 8)(13, 9)(14, 9)(15, 9)(16, 9)(17, 9)(18, 9)(19, 9)</homepath>
</path>
<path>
<point>(11,8)</point>
<nodepath>(10, 7)(9, 6)(9, 5)(9, 4)</nodepath>
<homepath>(12, 9)(13, 9)(14, 9)(15, 9)(16, 9)(17, 9)(18, 9)(19, 9)</homepath>
</path>
<path>
<point>(11,9)</point>
<nodepath>(10, 8)(9, 7)(9, 6)(9, 5)(9, 4)</nodepath>
<homepath>(12, 9)(13, 9)(14, 9)(15, 9)(16, 9)(17, 9)(18, 9)(19, 9)</homepath>
</path>
<path>
<point>(12,0)</point>
<nodepath>(11, 1)(10, 2)(9, 3)(9, 4)</nodepath>
<homepath>(13, 1)(14, 2)(15, 3)(16, 4)(17, 5)(18, 6)(19, 7)(19, 8)(19, 9)</homepath>
</path>
<path>
<point>(12,1)</point>
<nodepath>(11, 2)(10, 3)(9, 4)</nodepath>
<homepath>(13, 2)(14, 3)(15, 4)(16, 5)(17, 6)(18, 7)(19, 8)(19, 9)</homepath>
</path>
<path>
<point>(12,2)</point>
<nodepath>(11, 3)(10, 4)(9, 4)</nodepath>
<homepath>(13, 3)(14, 4)(15, 5)(16, 6)(17, 7)(18, 8)(19, 9)</homepath>
</path>
<path>
<point>(12,3)</point>
<nodepath>(11, 4)(10, 4)(9, 4)</nodepath>
<homepath>(13, 4)(14, 5)(15, 6)(16, 7)(17, 8)(18, 9)(19, 9)</homepath>
</path>
<path>
<point>(12,4)</point>
<nodepath>(11, 4)(10, 4)(9, 4)</nodepath>
<homepath>(13, 5)(14, 6)(15, 7)(16, 8)(17, 9)(18, 9)(19, 9)</homepath>
</path>
<path>
<point>(12,5)</point>
<nodepath>(11, 4)(10, 4)(9, 4)</nodepath>
<homepath>(13, 6)(14, 7)(15, 8)(16, 9)(17, 9)(18, 9)(19, 9)</homepath>
</path>
<path>
<point>(12,6)</point>
<nodepath>(11, 5)(10, 4)(9, 4)</nodepath>
<homepath>(13, 7)(14, 8)(15, 9)(16, 9)(17, 9)(18, 9)(19, 9)</homepath>
</path>
<path>
<point>(12,7)</point>
<nodepath>(11, 6)(10, 5)(9, 4)</nodepath>
<homepath>(13, 8)(14, 9)(15, 9)(16, 9)(17, 9)(18, 9)(19, 9)</homepath>
</path>
<path>
<point>(12,8)</point>
<nodepath>(11, 7)(10, 6)(9, 5)(9, 4)</nodepath>
<homepath>(13, 9)(14, 9)(15, 9)(16, 9)(17, 9)(18, 9)(19, 9)</homepath>
</path>
<path>
<point>(12,9)</point>
<nodepath>(11, 8)(10, 7)(9, 6)(9, 5)(9, 4)</nodepath>
<homepath>(13, 9)(14, 9)(15, 9)(16, 9)(17, 9)(18, 9)(19, 9)</homepath>
</path>
<path>
<point>(13,0)</point>
<nodepath>(12, 1)(11, 2)(10, 3)(9, 4)</nodepath>
<homepath>(14, 1)(15, 2)(16, 3)(17, 4)(18, 5)(19, 6)(19, 7)(19, 8)(19, 9)</homepath>
</path>
<path>
<point>(13,1)</point>
<nodepath>(12, 2)(11, 3)(10, 4)(9, 4)</nodepath>
<homepath>(14, 2)(15, 3)(16, 4)(17, 5)(18, 6)(19, 7)(19, 8)(19, 9)</homepath>
</path>
<path>
<point>(13,2)</point>
<nodepath>(12, 3)(11, 4)(10, 4)(9, 4)</nodepath>
<homepath>(14, 3)(15, 4)(16, 5)(17, 6)(18, 7)(19, 8)(19, 9)</homepath>
</path>
<path>
<point>(13,3)</point>
<nodepath>(12, 4)(11, 4)(10, 4)(9, 4)</nodepath>
<homepath>(14, 4)(15, 5)(16, 6)(17, 7)(18, 8)(19, 9)</homepath>
</path>
<path>
<point>(13,4)</point>
<nodepath>(12, 4)(11, 4)(10, 4)(9, 4)</nodepath>
<homepath>(14, 5)(15, 6)(16, 7)(17, 8)(18, 9)(19, 9)</homepath>
</path>
<path>
<point>(13,5)</point>
<nodepath>(12, 4)(11, 4)(10, 4)(9, 4)</nodepath>
<homepath>(14, 6)(15, 7)(16, 8)(17, 9)(18, 9)(19, 9)</homepath>
</path>
<path>
<point>(13,6)</point>
<nodepath>(12, 5)(11, 4)(10, 4)(9, 4)</nodepath>
<homepath>(14, 7)(15, 8)(16, 9)(17, 9)(18, 9)(19, 9)</homepath>
</path>
<path>
<point>(13,7)</point>
<nodepath>(12, 6)(11, 5)(10, 4)(9, 4)</nodepath>
<homepath>(14, 8)(15, 9)(16, 9)(17, 9)(18, 9)(19, 9)</homepath>
</path>
<path>
<point>(13,8)</point>
<nodepath>(12, 7)(11, 6)(10, 5)(9, 4)</nodepath>
<homepath>(14, 9)(15, 9)(16, 9)(17, 9)(18, 9)(19, 9)</homepath>
</path>
<path>
<point>(13,9)</point>
<nodepath>(12, 8)(11, 7)(10, 6)(9, 5)(9, 4)</nodepath>
<homepath>(14, 9)(15, 9)(16, 9)(17, 9)(18, 9)(19, 9)</homepath>
</path>
<path>
<point>(14,0)</point>
<nodepath>(13, 1)(12, 2)(11, 3)(10, 4)(9, 4)</nodepath>
<homepath>(15, 1)(16, 2)(17, 3)(18, 4)(19, 5)(19, 6)(19, 7)(19, 8)(19, 9)</homepath>
</path>
<path>
<point>(14,1)</point>
<nodepath>(13, 2)(12, 3)(11, 4)(10, 4)(9, 4)</nodepath>
<homepath>(15, 2)(16, 3)(17, 4)(18, 5)(19, 6)(19, 7)(19, 8)(19, 9)</homepath>
</path>
<path>
<point>(14,2)</point>
<nodepath>(13, 3)(12, 4)(11, 4)(10, 4)(9, 4)</nodepath>
<homepath>(15, 3)(16, 4)(17, 5)(18, 6)(19, 7)(19, 8)(19, 9)</homepath>
</path>
<path>
<point>(14,3)</point>
<nodepath>(13, 4)(12, 4)(11, 4)(10, 4)(9, 4)</nodepath>
<homepath>(15, 4)(16, 5)(17, 6)(18, 7)(19, 8)(19, 9)</homepath>
</path>
<path>
<point>(14,4)</point>
<nodepath>(13, 4)(12, 4)(11, 4)(10, 4)(9, 4)</nodepath>
<homepath>(15, 5)(16, 6)(17, 7)(18, 8)(19, 9)</homepath>
</path>
<path>
<point>(14,5)</point>
<nodepath>(13, 4)(12, 4)(11, 4)(10, 4)(9, 4)</nodepath>
<homepath>(15, 6)(16, 7)(17, 8)(18, 9)(19, 9)</homepath>
</path>
<path>
<point>(14,6)</point>
<nodepath>(13, 5)(12, 4)(11, 4)(10, 4)(9, 4)</nodepath>
<homepath>(15, 7)(16, 8)(17, 9)(18, 9)(19, 9)</homepath>
</path>
<path>
<point>(14,7)</point>
<nodepath>(13, 6)(12, 5)(11, 4)(10, 4)(9, 4)</nodepath>
<homepath>(15, 8)(16, 9)(17, 9)(18, 9)(19, 9)</homepath>
</path>
<path>
<point>(14,8)</point>
<nodepath>(13, 7)(12, 6)(11, 5)(10, 4)(9, 4)</nodepath>
<homepath>(15, 9)(16, 9)(17, 9)(18, 9)(19, 9)</homepath>
</path>
<path>
<point>(14,9)</point>
<nodepath>(13, 8)(12, 7)(11, 6)(10, 5)(9, 4)</nodepath>
<homepath>(15, 9)(16, 9)(17, 9)(18, 9)(19, 9)</homepath>
</path>
<path>
<point>(15,0)</point>
<nodepath>(14, 1)(13, 2)(12, 3)(11, 4)(10, 4)(9, 4)</nodepath>
<homepath>(16, 1)(17, 2)(18, 3)(19, 4)(19, 5)(19, 6)(19, 7)(19, 8)(19, 9)</homepath>
</path>
<path>
<point>(15,1)</point>
<nodepath>(14, 2)(13, 3)(12, 4)(11, 4)(10, 4)(9, 4)</nodepath>
<homepath>(16, 2)(17, 3)(18, 4)(19, 5)(19, 6)(19, 7)(19, 8)(19, 9)</homepath>
</path>
<path>
<point>(15,2)</point>
<nodepath>(14, 3)(13, 4)(12, 4)(11, 4)(10, 4)(9, 4)</nodepath>
<homepath>(16, 3)(17, 4)(18, 5)(19, 6)(19, 7)(19, 8)(19, 9)</homepath>
</path>
<path>
<point>(15,3)</point>
<nodepath>(14, 4)(13, 4)(12, 4)(11, 4)(10, 4)(9, 4)</nodepath>
<homepath>(16, 4)(17, 5)(18, 6)(19, 7)(19, 8)(19, 9)</homepath>
</path>
<path>
<point>(15,4)</point>
<nodepath>(14, 4)(13, 4)(12, 4)(11, 4)(10, 4)(9, 4)</nodepath>
<homepath>(16, 5)(17, 6)(18, 7)(19, 8)(19, 9)</homepath>
</path>
<path>
<point>(15,5)</point>
<nodepath>(14, 4)(13, 4)(12, 4)(11, 4)(10, 4)(9, 4)</nodepath>
<homepath>(16, 6)(17, 7)(18, 8)(19, 9)</homepath>
</path>
<path>
<point>(15,6)</point>
<nodepath>(14, 5)(13, 4)(12, 4)(11, 4)(10, 4)(9, 4)</nodepath>
<homepath>(16, 7)(17, 8)(18, 9)(19, 9)</homepath>
</path>
<path>
<point>(15,7)</point>
<nodepath>(14, 6)(13, 5)(12, 4)(11, 4)(10, 4)(9, 4)</nodepath>
<homepath>(16, 8)(17, 9)(18, 9)(19, 9)</homepath>
</path>
<path>
<point>(15,8)</point>
<nodepath>(14, 7)(13, 6)(12, 5)(11, 4)(10, 4)(9, 4)</nodepath>
<homepath>(16, 9)(17, 9)(18, 9)(19, 9)</homepath>
</path>
<path>
<point>(15,9)</point>
<nodepath>(14, 8)(13, 7)(12, 6)(11, 5)(10, 4)(9, 4)</nodepath>
<homepath>(16, 9)(17, 9)(18, 9)(19, 9)</homepath>
</path>
<path>
<point>(16,0)</point>
<nodepath>(15, 1)(14, 2)(13, 3)(12, 4)(11, 4)(10, 4)(9, 4)</nodepath>
<homepath>(17, 1)(18, 2)(19, 3)(19, 4)(19, 5)(19, 6)(19, 7)(19, 8)(19, 9)</homepath>
</path>
<path>
<point>(16,1)</point>
<nodepath>(15, 2)(14, 3)(13, 4)(12, 4)(11, 4)(10, 4)(9, 4)</nodepath>
<homepath>(17, 2)(18, 3)(19, 4)(19, 5)(19, 6)(19, 7)(19, 8)(19, 9)</homepath>
</path>
<path>
<point>(16,2)</point>
<nodepath>(15, 3)(14, 4)(13, 4)(12, 4)(11, 4)(10, 4)(9, 4)</nodepath>
<homepath>(17, 3)(18, 4)(19, 5)(19, 6)(19, 7)(19, 8)(19, 9)</homepath>
</path>
<path>
<point>(16,3)</point>
<nodepath>(15, 4)(14, 4)(13, 4)(12, 4)(11, 4)(10, 4)(9, 4)</nodepath>
<homepath>(17, 4)(18, 5)(19, 6)(19, 7)(19, 8)(19, 9)</homepath>
</path>
<path>
<point>(16,4)</point>
<nodepath>(15, 4)(14, 4)(13, 4)(12, 4)(11, 4)(10, 4)(9, 4)</nodepath>
<homepath>(17, 5)(18, 6)(19, 7)(19, 8)(19, 9)</homepath>
</path>
<path>
<point>(16,5)</point>
<nodepath>(15, 4)(14, 4)(13, 4)(12, 4)(11, 4)(10, 4)(9, 4)</nodepath>
<homepath>(17, 6)(18, 7)(19, 8)(19, 9)</homepath>
</path>
<path>
<point>(16,6)</point>
<nodepath>(15, 5)(14, 4)(13, 4)(12, 4)(11, 4)(10, 4)(9, 4)</nodepath>
<homepath>(17, 7)(18, 8)(19, 9)</homepath>
</path>
<path>
<point>(16,7)</point>
<nodepath>(15, 6)(14, 5)(13, 4)(12, 4)(11, 4)(10, 4)(9, 4)</nodepath>
<homepath>(17, 8)(18, 9)(19, 9)</homepath>
</path>
<path>
<point>(16,8)</point>
<nodepath>(15, 7)(14, 6)(13, 5)(12, 4)(11, 4)(10, 4)(9, 4)</nodepath>
<homepath>(17, 9)(18, 9)(19, 9)</homepath>
</path>
<path>
<point>(16,9)</point>
<nodepath>(15, 8)(14, 7)(13, 6)(12, 5)(11, 4)(10, 4)(9, 4)</nodepath>
<homepath>(17, 9)(18, 9)(19, 9)</homepath>
</path>
<path>
<point>(17,0)</point>
<nodepath>(16, 1)(15, 2)(14, 3)(13, 4)(12, 4)(11, 4)(10, 4)(9, 4)</nodepath>
<homepath>(18, 1)(19, 2)(19, 3)(19, 4)(19, 5)(19, 6)(19, 7)(19, 8)(19, 9)</homepath>
</path>
<path>
<point>(17,1)</point>
<nodepath>(16, 2)(15, 3)(14, 4)(13, 4)(12, 4)(11, 4)(10, 4)(9, 4)</nodepath>
<homepath>(18, 2)(19, 3)(19, 4)(19, 5)(19, 6)(19, 7)(19, 8)(19, 9)</homepath>
</path>
<path>
<point>(17,2)</point>
<nodepath>(16, 3)(15, 4)(14, 4)(13, 4)(12, 4)(11, 4)(10, 4)(9, 4)</nodepath>
<homepath>(18, 3)(19, 4)(19, 5)(19, 6)(19, 7)(19, 8)(19, 9)</homepath>
</path>
<path>
<point>(17,3)</point>
<nodepath>(16, 4)(15, 4)(14, 4)(13, 4)(12, 4)(11, 4)(10, 4)(9, 4)</nodepath>
<homepath>(18, 4)(19, 5)(19, 6)(19, 7)(19, 8)(19, 9)</homepath>
</path>
<path>
<point>(17,4)</point>
<nodepath>(16, 4)(15, 4)(14, 4)(13, 4)(12, 4)(11, 4)(10, 4)(9, 4)</nodepath>
<homepath>(18, 5)(19, 6)(19, 7)(19, 8)(19, 9)</homepath>
</path>
<path>
<point>(17,5)</point>
<nodepath>(16, 4)(15, 4)(14, 4)(13, 4)(12, 4)(11, 4)(10, 4)(9, 4)</nodepath>
<homepath>(18, 6)(19, 7)(19, 8)(19, 9)</homepath>
</path>
<path>
<point>(17,6)</point>
<nodepath>(16, 5)(15, 4)(14, 4)(13, 4)(12, 4)(11, 4)(10, 4)(9, 4)</nodepath>
<homepath>(18, 7)(19, 8)(19, 9)</homepath>
</path>
<path>
<point>(17,7)</point>
<nodepath>(16, 6)(15, 5)(14, 4)(13, 4)(12, 4)(11, 4)(10, 4)(9, 4)</nodepath>
<homepath>(18, 8)(19, 9)</homepath>
</path>
<path>
<point>(17,8)</point>
<nodepath>(16, 7)(15, 6)(14, 5)(13, 4)(12, 4)(11, 4)(10, 4)(9, 4)</nodepath>
<homepath>(18, 9)(19, 9)</homepath>
</path>
<path>
<point>(17,9)</point>
<nodepath>(16, 8)(15, 7)(14, 6)(13, 5)(12, 4)(11, 4)(10, 4)(9, 4)</nodepath>
<homepath>(18, 9)(19, 9)</homepath>
</path>
<path>
<point>(18,0)</point>
<nodepath>(17, 1)(16, 2)(15, 3)(14, 4)(13, 4)(12, 4)(11, 4)(10, 4)(9, 4)</nodepath>
<homepath>(19, 1)(19, 2)(19, 3)(19, 4)(19, 5)(19, 6)(19, 7)(19, 8)(19, 9)</homepath>
</path>
<path>
<point>(18,1)</point>
<nodepath>(17, 2)(16, 3)(15, 4)(14, 4)(13, 4)(12, 4)(11, 4)(10, 4)(9, 4)</nodepath>
<homepath>(19, 2)(19, 3)(19, 4)(19, 5)(19, 6)(19, 7)(19, 8)(19, 9)</homepath>
</path>
<path>
<point>(18,2)</point>
<nodepath>(17, 3)(16, 4)(15, 4)(14, 4)(13, 4)(12, 4)(11, 4)(10, 4)(9, 4)</nodepath>
<homepath>(19, 3)(19, 4)(19, 5)(19, 6)(19, 7)(19, 8)(19, 9)</homepath>
</path>
<path>
<point>(18,3)</point>
<nodepath>(17, 4)(16, 4)(15, 4)(14, 4)(13, 4)(12, 4)(11, 4)(10, 4)(9, 4)</nodepath>
<homepath>(19, 4)(19, 5)(19, 6)(19, 7)(19, 8)(19, 9)</homepath>
</path>
<path>
<point>(18,4)</point>
<nodepath>(17, 4)(16, 4)(15, 4)(14, 4)(13, 4)(12, 4)(11, 4)(10, 4)(9, 4)</nodepath>
<homepath>(19, 5)(19, 6)(19, 7)(19, 8)(19, 9)</homepath>
</path>
<path>
<point>(18,5)</point>
<nodepath>(17, 4)(16, 4)(15, 4)(14, 4)(13, 4)(12, 4)(11, 4)(10, 4)(9, 4)</nodepath>
<homepath>(19, 6)(19, 7)(19, 8)(19, 9)</homepath>
</path>
<path>
<point>(18,6)</point>
<nodepath>(17, 5)(16, 4)(15, 4)(14, 4)(13, 4)(12, 4)(11, 4)(10, 4)(9, 4)</nodepath>
<homepath>(19, 7)(19, 8)(19, 9)</homepath>
</path>
<path>
<point>(18,7)</point>
<nodepath>(17, 6)(16, 5)(15, 4)(14, 4)(13, 4)(12, 4)(11, 4)(10, 4)(9, 4)</nodepath>
<homepath>(19, 8)(19, 9)</homepath>
</path>
<path>
<point>(18,8)</point>
<nodepath>(17, 7)(16, 6)(15, 5)(14, 4)(13, 4)(12, 4)(11, 4)(10, 4)(9, 4)</nodepath>
<homepath>(19, 9)</homepath>
</path>
<path>
<point>(18,9)</point>
<nodepath>(17, 8)(16, 7)(15, 6)(14, 5)(13, 4)(12, 4)(11, 4)(10, 4)(9, 4)</nodepath>
<homepath>(19, 9)</homepath>
</path>
<path>
<point>(19,0)</point>
<nodepath>(18, 1)(17, 2)(16, 3)(15, 4)(14, 4)(13, 4)(12, 4)(11, 4)(10, 4)(9, 4)</nodepath>
<homepath>(19, 1)(19, 2)(19, 3)(19, 4)(19, 5)(19, 6)(19, 7)(19, 8)(19, 9)</homepath>
</path>
<path>
<point>(19,1)</point>
<nodepath>(18, 2)(17, 3)(16, 4)(15, 4)(14, 4)(13, 4)(12, 4)(11, 4)(10, 4)(9, 4)</nodepath>
<homepath>(19, 2)(19, 3)(19, 4)(19, 5)(19, 6)(19, 7)(19, 8)(19, 9)</homepath>
</path>
<path>
<point>(19,2)</point>
<nodepath>(18, 3)(17, 4)(16, 4)(15, 4)(14, 4)(13, 4)(12, 4)(11, 4)(10, 4)(9, 4)</nodepath>
<homepath>(19, 3)(19, 4)(19, 5)(19, 6)(19, 7)(19, 8)(19, 9)</homepath>
</path>
<path>
<point>(19,3)</point>
<nodepath>(18, 4)(17, 4)(16, 4)(15, 4)(14, 4)(13, 4)(12, 4)(11, 4)(10, 4)(9, 4)</nodepath>
<homepath>(19, 4)(19, 5)(19, 6)(19, 7)(19, 8)(19, 9)</homepath>
</path>
<path>
<point>(19,4)</point>
<nodepath>(18, 4)(17, 4)(16, 4)(15, 4)(14, 4)(13, 4)(12, 4)(11, 4)(10, 4)(9, 4)</nodepath>
<homepath>(19, 5)(19, 6)(19, 7)(19, 8)(19, 9)</homepath>
</path>
<path>
<point>(19,5)</point>
<nodepath>(18, 4)(17, 4)(16, 4)(15, 4)(14, 4)(13, 4)(12, 4)(11, 4)(10, 4)(9, 4)</nodepath>
<homepath>(19, 6)(19, 7)(19, 8)(19, 9)</homepath>
</path>
<path>
<point>(19,6)</point>
<nodepath>(18, 5)(17, 4)(16, 4)(15, 4)(14, 4)(13, 4)(12, 4)(11, 4)(10, 4)(9, 4)</nodepath>
<homepath>(19, 7)(19, 8)(19, 9)</homepath>
</path>
<path>
<point>(19,7)</point>
<nodepath>(18, 6)(17, 5)(16, 4)(15, 4)(14, 4)(13, 4)(12, 4)(11, 4)(10, 4)(9, 4)</nodepath>
<homepath>(19, 8)(19, 9)</homepath>
</path>
<path>
<point>(19,8)</point>
<nodepath>(18, 7)(17, 6)(16, 5)(15, 4)(14, 4)(13, 4)(12, 4)(11, 4)(10, 4)(9, 4)</nodepath>
<homepath>(19, 9)</homepath>
</path>
<path>
<point>(19,9)</point>
<nodepath>(18, 8)(17, 7)(16, 6)(15, 5)(14, 4)(13, 4)(12, 4)(11, 4)(10, 4)(9, 4)</nodepath>
<homepath></homepath>
</path>
</body>
