<?xml version="1.0" encoding="utf-8" ?><body>
<path>
<point>(0,0)</point>
<nodepath>(1, 1)(2, 2)(3, 3)(4, 4)(5, 4)(6, 4)(7, 4)(8, 4)(9, 4)</nodepath>
<homepath>(1, 1)(2, 2)(3, 3)(4, 4)(5, 5)(6, 6)(7, 7)(8, 8)(9, 9)(10, 9)(11, 9)(12, 9)(13, 9)(14, 9)(15, 9)(16, 9)(17, 9)(18, 9)(19, 9)</homepath>
</path>
<path>
<point>(0,1)</point>
<nodepath>(1, 2)(2, 3)(3, 4)(4, 4)(5, 4)(6, 4)(7, 4)(8, 4)(9, 4)</nodepath>
<homepath>(1, 2)(2, 3)(3, 4)(4, 5)(5, 6)(6, 7)(7, 8)(8, 9)(9, 9)(10, 9)(11, 9)(12, 9)(13, 9)(14, 9)(15, 9)(16, 9)(17, 9)(18, 9)(19, 9)</homepath>
</path>
</body>